right_shoulder_x,right_shoulder_y,right_shoulder_z,left_shoulder_x,left_shoulder_y,left_shoulder_z,right_hip_x,right_hip_y,right_hip_z,left_hip_x,left_hip_y,left_hip_z,right_knee_x,right_knee_y,right_knee_z,left_knee_x,left_knee_y,left_knee_z,right_ankle_x,right_ankle_y,right_ankle_z,left_ankle_x,left_ankle_y,left_ankle_z,right_elbow_x,right_elbow_y,right_elbow_z,left_elbow_x,left_elbow_y,left_elbow_z,right_wrist_x,right_wrist_y,right_wrist_z,left_wrist_x,left_wrist_y,left_wrist_z
0.38493457436561584,0.26160427927970886,-0.3680051267147064,0.6090536713600159,0.2683050036430359,-0.051335204392671585,0.42093899846076965,0.5435543656349182,-0.12258618324995041,0.5452305674552917,0.5363597273826599,0.1221480593085289,0.37060242891311646,0.6890548467636108,0.2478564828634262,0.5470523238182068,0.6673676371574402,0.6626352667808533,0.33160796761512756,0.8156617879867554,0.6895647644996643,0.5234858393669128,0.7833890318870544,1.185660719871521,0.1988804042339325,0.3220452070236206,-0.7618972659111023,0.6961779594421387,0.3011113405227661,0.2754010856151581,0.24773845076560974,0.1831030547618866,-1.1595172882080078,0.755676805973053,0.20178668200969696,0.5090562105178833
0.3746228516101837,0.26380783319473267,-0.3272099196910858,0.6216229200363159,0.26646772027015686,-0.06261910498142242,0.43206894397735596,0.5506802797317505,-0.12000016123056412,0.5660742521286011,0.541741669178009,0.11961106210947037,0.3693268597126007,0.6999264359474182,0.09267566353082657,0.5649528503417969,0.6720247268676758,0.6273711323738098,0.3160996437072754,0.8239490985870361,0.44726642966270447,0.5409319400787354,0.7832068800926208,1.201117992401123,0.18526145815849304,0.33182138204574585,-0.7197088599205017,0.7212657928466797,0.30822768807411194,0.02299218624830246,0.23477238416671753,0.1971387416124344,-1.1086204051971436,0.7708612680435181,0.20555809140205383,-0.0002523353905417025
0.37099960446357727,0.2651597559452057,-0.3011341691017151,0.628535270690918,0.26484400033950806,-0.07759629189968109,0.43901437520980835,0.5492307543754578,-0.09676239639520645,0.5744788646697998,0.5425326824188232,0.09651651233434677,0.3696514666080475,0.6952799558639526,0.08701809495687485,0.5679111480712891,0.670272707939148,0.631996214389801,0.3146549165248871,0.8252881765365601,0.3597155511379242,0.5403255820274353,0.77890944480896,1.1609586477279663,0.18867267668247223,0.3337201178073883,-0.7035464644432068,0.726563572883606,0.3084195554256439,-0.0020516663789749146,0.23986047506332397,0.19757677614688873,-1.0929908752441406,0.7704384922981262,0.2038591355085373,0.01364760659635067
0.3741486668586731,0.2656472623348236,-0.24318943917751312,0.6305120587348938,0.26481035351753235,-0.06151751056313515,0.4417817294597626,0.5466750860214233,-0.08776269853115082,0.5800434350967407,0.5424945950508118,0.0874330922961235,0.37263330817222595,0.6921234130859375,0.05686020106077194,0.567661702632904,0.670250654220581,0.6058884859085083,0.3167304992675781,0.8259817957878113,0.2621400058269501,0.5365563631057739,0.7768604159355164,1.0928304195404053,0.18969334661960602,0.33205196261405945,-0.6106731295585632,0.7343917489051819,0.3089480698108673,-0.035813841968774796,0.2457582801580429,0.19448746740818024,-0.9442693591117859,0.7741021513938904,0.20289888978004456,-0.045243605971336365
0.3746788799762726,0.26638883352279663,-0.24652603268623352,0.6297022700309753,0.264787495136261,-0.056664660573005676,0.44253772497177124,0.5463327765464783,-0.09853801876306534,0.5810074210166931,0.5413809418678284,0.09816054254770279,0.37516894936561584,0.6922823190689087,0.031157398596405983,0.5705963373184204,0.6693881750106812,0.6059936285018921,0.31756865978240967,0.8269006013870239,0.2147158533334732,0.5392937064170837,0.7766883373260498,1.0688621997833252,0.18824733793735504,0.33462658524513245,-0.6028282642364502,0.737484872341156,0.31081143021583557,-0.08630269765853882,0.2498377412557602,0.19629289209842682,-0.9172849059104919,0.7739877700805664,0.20577247440814972,-0.18009419739246368
0.37723132967948914,0.26620376110076904,-0.24660246074199677,0.6302027702331543,0.26449260115623474,-0.05229685828089714,0.4449194371700287,0.543247640132904,-0.10329849272966385,0.5848528742790222,0.5392602682113647,0.10283035039901733,0.3800225257873535,0.6857331991195679,0.03024054318666458,0.5714341402053833,0.668875515460968,0.6038450598716736,0.31902918219566345,0.8226372003555298,0.25641337037086487,0.541144847869873,0.7753726840019226,1.1107203960418701,0.19235122203826904,0.33439335227012634,-0.6023477911949158,0.7410963177680969,0.3084443509578705,-0.06971075385808945,0.24402987957000732,0.1988178789615631,-0.9424811005592346,0.776188850402832,0.20357005298137665,-0.16574464738368988
0.37876901030540466,0.2666551470756531,-0.24812881648540497,0.6299615502357483,0.2647545039653778,-0.06036340817809105,0.44595640897750854,0.5435215830802917,-0.10282445698976517,0.5842230319976807,0.539326548576355,0.10228732973337173,0.38117438554763794,0.6862316727638245,0.04892319068312645,0.5687559843063354,0.6682599186897278,0.5981481075286865,0.3191046416759491,0.8231496810913086,0.2825824022293091,0.5389584302902222,0.7759189605712891,1.1012886762619019,0.19750992953777313,0.33236265182495117,-0.5955814719200134,0.7381070256233215,0.3108895421028137,-0.1380549520254135,0.2459382265806198,0.1981472223997116,-0.9229040741920471,0.7787503004074097,0.20535524189472198,-0.28378912806510925
0.3787190616130829,0.2665426433086395,-0.2584823966026306,0.6289623975753784,0.26558464765548706,-0.0496370866894722,0.44720250368118286,0.5436801910400391,-0.10997588187456131,0.5855295062065125,0.5392408967018127,0.10942675173282623,0.3816523849964142,0.6865760684013367,0.04159148409962654,0.5676147937774658,0.6688799262046814,0.6120874285697937,0.31935596466064453,0.8249558210372925,0.27191516757011414,0.5385720729827881,0.7757390141487122,1.1173735857009888,0.1965639740228653,0.33392658829689026,-0.6294028162956238,0.7371717095375061,0.31222566962242126,-0.14054438471794128,0.25093260407447815,0.19847774505615234,-0.9559140801429749,0.7788676619529724,0.20900754630565643,-0.3230859339237213
0.3792935907840729,0.26711398363113403,-0.2565498948097229,0.6276636123657227,0.2678946852684021,-0.0355837345123291,0.44773584604263306,0.5451535582542419,-0.11239495128393173,0.5853431820869446,0.5402074456214905,0.11176059395074844,0.3815179467201233,0.6893602609634399,0.05869835615158081,0.5677207112312317,0.6700780987739563,0.6426506042480469,0.3202730119228363,0.8287214040756226,0.2936171889305115,0.5398041605949402,0.7763952016830444,1.1489509344100952,0.19798167049884796,0.33472636342048645,-0.626854658126831,0.7362449765205383,0.3120296597480774,-0.07577243447303772,0.25263556838035583,0.19994354248046875,-0.94847172498703,0.7821425199508667,0.20690549910068512,-0.2152547687292099
0.3792436420917511,0.2674223780632019,-0.2447180300951004,0.6275390386581421,0.26972973346710205,-0.048115696758031845,0.4474339783191681,0.5463970899581909,-0.1072201356291771,0.5852380394935608,0.5414354801177979,0.10656041651964188,0.38144055008888245,0.6918085217475891,0.07107537239789963,0.5700840950012207,0.6710096597671509,0.6083037853240967,0.32100310921669006,0.8278273344039917,0.3301985561847687,0.5420551300048828,0.7767461538314819,1.117557406425476,0.1953738033771515,0.3353605270385742,-0.5675431489944458,0.7395030856132507,0.3112715482711792,-0.12665492296218872,0.25147125124931335,0.19947995245456696,-0.8532202839851379,0.7822195887565613,0.2055722326040268,-0.3071127235889435
0.37784987688064575,0.2677474319934845,-0.23683126270771027,0.628063976764679,0.27073076367378235,-0.06176002696156502,0.4462667405605316,0.5465624332427979,-0.10343708097934723,0.5830739140510559,0.5414301753044128,0.10277893394231796,0.3806101083755493,0.6927845478057861,0.06718827784061432,0.5704132914543152,0.6712413430213928,0.6083998084068298,0.32018664479255676,0.8278957605361938,0.3151104152202606,0.5437605977058411,0.7769287824630737,1.130080223083496,0.194365456700325,0.33646532893180847,-0.5393307209014893,0.7397279143333435,0.31234633922576904,-0.1597261279821396,0.25217682123184204,0.2003295123577118,-0.8164336085319519,0.7810137867927551,0.20634235441684723,-0.44047707319259644
0.3771757483482361,0.2685026228427887,-0.23451410233974457,0.6283945441246033,0.2716442942619324,-0.06838995218276978,0.44568318128585815,0.5470726490020752,-0.10215257853269577,0.5819414258003235,0.5418888926506042,0.10149142891168594,0.3805302679538727,0.6923085451126099,0.07695505768060684,0.5699822902679443,0.6718626022338867,0.6202126741409302,0.32012295722961426,0.8279567956924438,0.3173467516899109,0.5443698167800903,0.7772923111915588,1.1226404905319214,0.19413484632968903,0.33775460720062256,-0.5325098633766174,0.740420937538147,0.3135744333267212,-0.20622196793556213,0.25323185324668884,0.20180602371692657,-0.802033543586731,0.7805709838867188,0.2074064314365387,-0.4987633526325226
0.37720710039138794,0.2695016860961914,-0.24392271041870117,0.6279274225234985,0.27339109778404236,-0.0576825886964798,0.44538649916648865,0.548126757144928,-0.10520600527524948,0.5804345607757568,0.5425920486450195,0.1045527309179306,0.3807457685470581,0.691955029964447,0.0785176232457161,0.5695042014122009,0.6722199320793152,0.6214123964309692,0.31984710693359375,0.8285420536994934,0.32169172167778015,0.544411838054657,0.7783384323120117,1.1132608652114868,0.19447734951972961,0.33902832865715027,-0.5641415119171143,0.7389329671859741,0.3161470293998718,-0.18730147182941437,0.25417619943618774,0.2030087262392044,-0.8364485502243042,0.7808461785316467,0.21099849045276642,-0.4328289031982422
0.37744057178497314,0.2700824737548828,-0.24961954355239868,0.6275856494903564,0.27415943145751953,-0.04562846198678017,0.4455592632293701,0.5480503439903259,-0.11058603972196579,0.5794726610183716,0.5426153540611267,0.10991943627595901,0.3811034858226776,0.6916024088859558,0.06379397958517075,0.5691339373588562,0.6721333265304565,0.6406888961791992,0.31973034143447876,0.8279977440834045,0.2955039143562317,0.5446034073829651,0.7794416546821594,1.1288853883743286,0.19552461802959442,0.33938896656036377,-0.5910856127738953,0.7375221848487854,0.3184915781021118,-0.10888535529375076,0.254706472158432,0.2041577845811844,-0.8848195672035217,0.7824365496635437,0.21427522599697113,-0.2782215476036072
0.3775942623615265,0.27086979150772095,-0.24856115877628326,0.6273658275604248,0.2749839723110199,-0.041067175567150116,0.44545307755470276,0.5491979122161865,-0.11298129707574844,0.5792155265808105,0.5438116192817688,0.11230796575546265,0.38107165694236755,0.6920710802078247,0.06159234046936035,0.5690273642539978,0.6739912629127502,0.6413165926933289,0.31869786977767944,0.8275864124298096,0.29856979846954346,0.5446155071258545,0.7801140546798706,1.1344677209854126,0.1957361251115799,0.34038400650024414,-0.5935960412025452,0.7365331649780273,0.3203286826610565,-0.09355920553207397,0.2552083134651184,0.20501582324504852,-0.8861672282218933,0.7836156487464905,0.21426677703857422,-0.24539008736610413
0.3776870667934418,0.27148139476776123,-0.24534061551094055,0.6272544860839844,0.27519842982292175,-0.04017011076211929,0.4454335570335388,0.550069272518158,-0.1121925637125969,0.5790663361549377,0.5448678731918335,0.1115356907248497,0.3808799088001251,0.6941551566123962,0.06251658499240875,0.5693080425262451,0.6757307648658752,0.6286593675613403,0.3180478811264038,0.8278447985649109,0.2917556166648865,0.5448890328407288,0.7810060381889343,1.1133313179016113,0.19606320559978485,0.3413844108581543,-0.5758636593818665,0.7358503341674805,0.32139649987220764,-0.11070843786001205,0.2545606195926666,0.20601126551628113,-0.8611130118370056,0.784787118434906,0.21490375697612762,-0.3497186303138733
0.37772247195243835,0.2724766731262207,-0.2419290393590927,0.6271454691886902,0.2753971815109253,-0.035747624933719635,0.4454648792743683,0.5504056215286255,-0.11325515061616898,0.5788295269012451,0.5452203154563904,0.11258755624294281,0.3804250657558441,0.6962488293647766,0.04958748444914818,0.5692896246910095,0.6764348149299622,0.620615541934967,0.31773924827575684,0.8284597992897034,0.26154160499572754,0.5454434752464294,0.7825623750686646,1.0690957307815552,0.19589585065841675,0.3421880304813385,-0.5664068460464478,0.7353670597076416,0.3216603696346283,-0.12959806621074677,0.2525792419910431,0.20757050812244415,-0.8581275939941406,0.7842292785644531,0.21521542966365814,-0.40705034136772156
0.37736546993255615,0.2743661105632782,-0.2408149391412735,0.6270827054977417,0.2766100764274597,-0.03611050546169281,0.4453754127025604,0.5519552230834961,-0.11495981365442276,0.5785971879959106,0.5469669103622437,0.11426522582769394,0.37955164909362793,0.6978113651275635,0.04699888080358505,0.5692352056503296,0.6777824759483337,0.6222580671310425,0.316304475069046,0.8291816711425781,0.26235437393188477,0.5454176664352417,0.7842212319374084,1.077921748161316,0.19402430951595306,0.3437979817390442,-0.561454713344574,0.7354714870452881,0.32145407795906067,-0.14977054297924042,0.2514186203479767,0.20870092511177063,-0.8500433564186096,0.7840391397476196,0.21477924287319183,-0.42775988578796387
0.3768090009689331,0.27599480748176575,-0.2407626360654831,0.6267817616462708,0.27775031328201294,-0.040185607969760895,0.4453096091747284,0.5518509745597839,-0.1163618415594101,0.5784260034561157,0.5471462607383728,0.11567084491252899,0.3792811334133148,0.6974312663078308,0.03883242607116699,0.5691097974777222,0.6779468655586243,0.6368000507354736,0.31522974371910095,0.8292083144187927,0.2457820177078247,0.5452788472175598,0.784770667552948,1.10250985622406,0.19298753142356873,0.3452695310115814,-0.5686991214752197,0.735283613204956,0.3220466673374176,-0.17756545543670654,0.24922674894332886,0.21114519238471985,-0.852069079875946,0.7837136387825012,0.21527045965194702,-0.46031033992767334
0.3763633370399475,0.2780258357524872,-0.23960807919502258,0.6268026828765869,0.2794297933578491,-0.04895839840173721,0.44527456164360046,0.5527116060256958,-0.11451894044876099,0.5783922672271729,0.548768162727356,0.11383650451898575,0.37909072637557983,0.6970484256744385,0.04377194866538048,0.5690068602561951,0.6791453957557678,0.63316810131073,0.3138673007488251,0.8294368982315063,0.257280558347702,0.5451699495315552,0.7850856781005859,1.1171691417694092,0.1918700933456421,0.3463391959667206,-0.5655165314674377,0.7365970611572266,0.32270970940589905,-0.2506115138530731,0.248697429895401,0.21317805349826813,-0.8466523289680481,0.783319354057312,0.2167453169822693,-0.5700696110725403
0.3757610619068146,0.2799607515335083,-0.23509804904460907,0.6269726753234863,0.28068453073501587,-0.05250706151127815,0.4449080228805542,0.5532100796699524,-0.11423468589782715,0.5780118703842163,0.5498064160346985,0.11355443298816681,0.37866106629371643,0.6967046856880188,0.04247517138719559,0.5688502192497253,0.6810983419418335,0.6310807466506958,0.3132152855396271,0.8298174142837524,0.24911072850227356,0.5451280474662781,0.7855697274208069,1.119854211807251,0.19124172627925873,0.347266286611557,-0.5643212795257568,0.7378295660018921,0.32247331738471985,-0.25474122166633606,0.24889172613620758,0.2146492302417755,-0.8374820947647095,0.7830190062522888,0.21749956905841827,-0.5489795804023743
0.3757195770740509,0.28101813793182373,-0.2331329733133316,0.627002477645874,0.2811932861804962,-0.05156083032488823,0.444668173789978,0.5542137622833252,-0.113094262778759,0.5779134035110474,0.5515024065971375,0.1124202236533165,0.3784251809120178,0.696754515171051,0.040632035583257675,0.5684869289398193,0.6841866970062256,0.6285114288330078,0.31292402744293213,0.8311288356781006,0.24517536163330078,0.5451013445854187,0.7871412038803101,1.1145265102386475,0.19092980027198792,0.34853067994117737,-0.5634326338768005,0.7380340099334717,0.3225129544734955,-0.24406413733959198,0.24879992008209229,0.21557196974754333,-0.8238051533699036,0.7828609347343445,0.21798492968082428,-0.5305333137512207
0.37549304962158203,0.2829974889755249,-0.22819343209266663,0.6269974112510681,0.2818457782268524,-0.04352152347564697,0.4446091055870056,0.5567294359207153,-0.11255581676959991,0.5778504610061646,0.5539773106575012,0.11188194900751114,0.37771010398864746,0.6985756158828735,0.02760443277657032,0.5675866007804871,0.6877802014350891,0.6257647275924683,0.3122445046901703,0.8326650261878967,0.23689411580562592,0.5450689792633057,0.7886558771133423,1.1180789470672607,0.19094818830490112,0.3509839177131653,-0.5632435083389282,0.7380810976028442,0.32295259833335876,-0.23552720248699188,0.24870023131370544,0.21754007041454315,-0.8147791028022766,0.782435417175293,0.21873684227466583,-0.5220178365707397
0.37494975328445435,0.28398311138153076,-0.2354659140110016,0.6268685460090637,0.28203263878822327,-0.03594149276614189,0.4445877969264984,0.557080864906311,-0.11396423727273941,0.5777831673622131,0.5542574524879456,0.1133105680346489,0.3774726390838623,0.6987795233726501,0.015114865265786648,0.5669761896133423,0.6884802579879761,0.6296683549880981,0.3117430508136749,0.8335599899291992,0.22455452382564545,0.5449419617652893,0.7891934514045715,1.1385060548782349,0.19106176495552063,0.3529514670372009,-0.5878257751464844,0.7378039360046387,0.32421761751174927,-0.17184185981750488,0.24871942400932312,0.21967706084251404,-0.8642335534095764,0.781151533126831,0.22186627984046936,-0.39563673734664917
0.37362995743751526,0.2845625877380371,-0.2530769407749176,0.6267587542533875,0.2826249897480011,-0.03399110957980156,0.44455042481422424,0.557790994644165,-0.11541908234357834,0.5777302384376526,0.5552518367767334,0.11477215588092804,0.37710702419281006,0.7000917792320251,0.020983610302209854,0.5665611028671265,0.6892848610877991,0.6470169425010681,0.3115607500076294,0.8347448110580444,0.2357109934091568,0.5448883175849915,0.7904451489448547,1.170182704925537,0.19103942811489105,0.35509487986564636,-0.6231268644332886,0.736359179019928,0.3255898654460907,-0.1337905377149582,0.24812345206737518,0.2233678549528122,-0.9258015155792236,0.7795507311820984,0.22413040697574615,-0.33547499775886536
0.3724413216114044,0.2866515517234802,-0.2547554671764374,0.6264278292655945,0.2844576835632324,-0.03438012674450874,0.44450142979621887,0.5591363310813904,-0.1150197759270668,0.5777668952941895,0.5564759969711304,0.11437734961509705,0.3766205310821533,0.7014172077178955,0.023619988933205605,0.5665421485900879,0.6902260184288025,0.6427905559539795,0.3112751245498657,0.83579021692276,0.24204061925411224,0.544867753982544,0.7910817265510559,1.1555063724517822,0.1907862275838852,0.35663318634033203,-0.6180795431137085,0.7363376617431641,0.32654306292533875,-0.1459406465291977,0.2472793608903885,0.22471600770950317,-0.9066754579544067,0.779443621635437,0.2258474975824356,-0.36573633551597595
0.37164661288261414,0.28837308287620544,-0.2524590790271759,0.625925600528717,0.2867807149887085,-0.03558160737156868,0.4441715478897095,0.5609358549118042,-0.11469126492738724,0.5773891806602478,0.5583832859992981,0.11404971778392792,0.3762474060058594,0.702778160572052,0.025271324440836906,0.565890371799469,0.692564070224762,0.6331493258476257,0.311128169298172,0.8375882506370544,0.263254314661026,0.5448295474052429,0.7920969128608704,1.1498544216156006,0.19015370309352875,0.35820814967155457,-0.6078366637229919,0.7362169623374939,0.3275289535522461,-0.14629758894443512,0.24731498956680298,0.22556723654270172,-0.8929910063743591,0.7791175842285156,0.2265632301568985,-0.3591444492340088
0.3708414137363434,0.2899649739265442,-0.25132447481155396,0.625222384929657,0.2874525487422943,-0.0361446850001812,0.44403913617134094,0.5614584684371948,-0.11500561237335205,0.577166736125946,0.5585263967514038,0.11434951424598694,0.376020222902298,0.7040120959281921,0.026689479127526283,0.5653601288795471,0.6925674676895142,0.6323118805885315,0.31111693382263184,0.8388493061065674,0.2638002038002014,0.5445278882980347,0.7927014827728271,1.1435545682907104,0.18916307389736176,0.3591981530189514,-0.6043601632118225,0.7359851598739624,0.3276703953742981,-0.14993953704833984,0.24735143780708313,0.22694134712219238,-0.8855451345443726,0.7778728008270264,0.22709313035011292,-0.403965026140213
0.36921975016593933,0.2915358543395996,-0.25319936871528625,0.6237419247627258,0.28872671723365784,-0.035967469215393066,0.44398707151412964,0.5622568726539612,-0.11619320511817932,0.5765116810798645,0.5591692328453064,0.11552105844020844,0.37559816241264343,0.7051504850387573,0.028658632189035416,0.5642039179801941,0.6936639547348022,0.6458866000175476,0.31094294786453247,0.8394601345062256,0.26489126682281494,0.5443264842033386,0.7936080098152161,1.1489051580429077,0.18813247978687286,0.3600498139858246,-0.6025928258895874,0.7355026006698608,0.32804471254348755,-0.1274501532316208,0.24709464609622955,0.22817079722881317,-0.8870161771774292,0.7766855359077454,0.2283511608839035,-0.32877111434936523
0.3685442805290222,0.29281044006347656,-0.2787145674228668,0.6223666071891785,0.2897724211215973,-0.030607841908931732,0.4439541697502136,0.5624043345451355,-0.11795719712972641,0.5758253335952759,0.5592085719108582,0.11731427907943726,0.37501436471939087,0.7059386968612671,0.030024366453289986,0.5634336471557617,0.6934419274330139,0.6660118103027344,0.3108446002006531,0.8398742079734802,0.26499107480049133,0.54422926902771,0.7946511507034302,1.1714895963668823,0.1880677342414856,0.3617968261241913,-0.6688002943992615,0.7341333031654358,0.32936716079711914,-0.044101204723119736,0.24680738151073456,0.23123615980148315,-0.993216872215271,0.7757655382156372,0.23122192919254303,-0.15612630546092987
0.36819371581077576,0.2934562861919403,-0.29137858748435974,0.6211705803871155,0.29148778319358826,-0.024096831679344177,0.4437018036842346,0.5630185008049011,-0.11934400349855423,0.5750418305397034,0.5599090456962585,0.1187351644039154,0.3748243451118469,0.7066250443458557,0.030298279598355293,0.5632376670837402,0.693623423576355,0.672635018825531,0.3107792139053345,0.8396607041358948,0.2646840810775757,0.5438757538795471,0.7955665588378906,1.1747689247131348,0.18805813789367676,0.3639155924320221,-0.6924833655357361,0.7323564291000366,0.33163198828697205,0.03939182311296463,0.24609176814556122,0.23466505110263824,-1.0178152322769165,0.7752876281738281,0.23405493795871735,0.015588581562042236
0.3676033914089203,0.2941942512989044,-0.2875649034976959,0.6203730702400208,0.2937275767326355,-0.023173941299319267,0.44268906116485596,0.5642575025558472,-0.11916126310825348,0.5744064450263977,0.5615098476409912,0.11855421960353851,0.37470656633377075,0.7071602940559387,0.03095633164048195,0.5633215308189392,0.6947665810585022,0.6697148680686951,0.3108142614364624,0.839527428150177,0.26815277338027954,0.5438435077667236,0.7958579659461975,1.1704903841018677,0.18807238340377808,0.36669909954071045,-0.6726846694946289,0.7309486269950867,0.33428117632865906,-0.005130859557539225,0.24477103352546692,0.2391931116580963,-0.9871886968612671,0.7751067280769348,0.2363620102405548,-0.09139198064804077
0.3671585023403168,0.29519882798194885,-0.2989664077758789,0.6200203895568848,0.29549506306648254,-0.01920256018638611,0.4417800307273865,0.5650866031646729,-0.11972267925739288,0.5740188956260681,0.5627298951148987,0.11914778500795364,0.3745929002761841,0.7077716588973999,0.03221535310149193,0.5633390545845032,0.6953800916671753,0.6661816835403442,0.3108147084712982,0.8394800424575806,0.2822476625442505,0.5438047051429749,0.7965316772460938,1.1749855279922485,0.18811418116092682,0.3695577085018158,-0.7032662630081177,0.7276169061660767,0.3386630415916443,0.04077133536338806,0.24437470734119415,0.2425353080034256,-1.0471291542053223,0.7743827104568481,0.24086029827594757,0.006919178646057844
0.3671676218509674,0.2960764765739441,-0.30518651008605957,0.6193215847015381,0.29647570848464966,-0.013744855299592018,0.44173502922058105,0.565617024898529,-0.11999049782752991,0.5740842819213867,0.5630773305892944,0.11943076550960541,0.37457409501075745,0.7080006003379822,0.03264016658067703,0.5633955001831055,0.6955636739730835,0.6681719422340393,0.31082358956336975,0.8396255373954773,0.2873530387878418,0.5438433885574341,0.7969292998313904,1.1864680051803589,0.1903831511735916,0.3716611862182617,-0.7177895307540894,0.7244258522987366,0.34191054105758667,0.09716633707284927,0.24459511041641235,0.24448758363723755,-1.0734037160873413,0.772325873374939,0.24583400785923004,0.11785928159952164
0.3673582077026367,0.29739925265312195,-0.35430479049682617,0.6177290678024292,0.297770619392395,-0.006857775617390871,0.4417183995246887,0.566784143447876,-0.12355095148086548,0.5740442872047424,0.5642820596694946,0.12302500754594803,0.37449946999549866,0.709215521812439,0.03243425488471985,0.5637928247451782,0.696349024772644,0.6834082007408142,0.3108293116092682,0.8399684429168701,0.3182443380355835,0.5437911152839661,0.7970191836357117,1.2699611186981201,0.19291752576828003,0.3733658790588379,-0.8129953742027283,0.718866765499115,0.3445056080818176,0.23199030756950378,0.24610118567943573,0.24423322081565857,-1.188334345817566,0.7717868089675903,0.24745680391788483,0.4110325574874878
0.36777257919311523,0.29888659715652466,-0.35514017939567566,0.6161597371101379,0.29919856786727905,-0.008931918069720268,0.442303329706192,0.5674231648445129,-0.12624359130859375,0.5740201473236084,0.5650168061256409,0.12572160363197327,0.37449100613594055,0.7097113132476807,0.0340452715754509,0.5640307664871216,0.6970535516738892,0.6869940161705017,0.3108760714530945,0.840114414691925,0.3246072828769684,0.5437747836112976,0.7983314990997314,1.247359037399292,0.19411055743694305,0.37611666321754456,-0.7996852397918701,0.7158046364784241,0.3477388322353363,0.20768316090106964,0.24665164947509766,0.2451552003622055,-1.1634799242019653,0.771514356136322,0.24861504137516022,0.35625770688056946
0.36809179186820984,0.29928654432296753,-0.35779324173927307,0.6149360537528992,0.30031558871269226,-0.008102521300315857,0.44276511669158936,0.5681208968162537,-0.13167321681976318,0.5740101933479309,0.5652623772621155,0.1311296969652176,0.3751617670059204,0.7099958062171936,0.03172625973820686,0.5643700361251831,0.6970252394676208,0.68437260389328,0.31108418107032776,0.8419347405433655,0.32205402851104736,0.5436975955963135,0.7984916567802429,1.2503536939620972,0.1948428601026535,0.3782652020454407,-0.7957891821861267,0.7106786370277405,0.35194799304008484,0.22956998646259308,0.24665671586990356,0.2493111938238144,-1.1640993356704712,0.7711713314056396,0.2518535852432251,0.3871944546699524
0.3681957423686981,0.3001057207584381,-0.36760950088500977,0.6145731806755066,0.30143851041793823,-0.017519470304250717,0.44300663471221924,0.5693076848983765,-0.13400503993034363,0.5739946961402893,0.5665358304977417,0.1334850937128067,0.37554803490638733,0.7104304432868958,0.022084051743149757,0.5645596385002136,0.6973971128463745,0.6893375515937805,0.311137855052948,0.8429532647132874,0.317018061876297,0.5436729788780212,0.7989709973335266,1.2633520364761353,0.19674274325370789,0.3802202045917511,-0.8039107322692871,0.7093419432640076,0.3559266924858093,0.16495230793952942,0.24665567278862,0.25278589129447937,-1.1958565711975098,0.7691487669944763,0.2559453547000885,0.2480040043592453
0.36940696835517883,0.30179280042648315,-0.38165196776390076,0.61457759141922,0.302692711353302,-0.03518456965684891,0.4439246654510498,0.5700365304946899,-0.1339482069015503,0.5740976333618164,0.5670021176338196,0.13343170285224915,0.37606093287467957,0.7105427384376526,0.02217208407819271,0.5647152662277222,0.6974520087242126,0.6872510313987732,0.3116758465766907,0.8429504632949829,0.31413692235946655,0.5436554551124573,0.7998451590538025,1.2635431289672852,0.19736135005950928,0.3830375671386719,-0.8192823529243469,0.7094197273254395,0.35811278223991394,0.13548018038272858,0.2466709315776825,0.2561432421207428,-1.2151240110397339,0.7677015662193298,0.26034992933273315,0.19072812795639038
0.3707609176635742,0.3023778200149536,-0.38614577054977417,0.6145278811454773,0.30511972308158875,-0.03403506055474281,0.44538843631744385,0.5717097520828247,-0.13555637001991272,0.5744788646697998,0.5688124299049377,0.13502119481563568,0.37633955478668213,0.711591899394989,0.022947462275624275,0.564754068851471,0.6980554461479187,0.6979254484176636,0.3118570148944855,0.8436847925186157,0.33537372946739197,0.5436744093894958,0.8002240657806396,1.304007887840271,0.1981751024723053,0.38577091693878174,-0.8273561000823975,0.7093778848648071,0.36094290018081665,0.1877603977918625,0.24643874168395996,0.26120853424072266,-1.2302725315093994,0.7677803039550781,0.26490893959999084,0.31118419766426086
0.3733952045440674,0.3043244779109955,-0.3774949610233307,0.614535391330719,0.3069799542427063,-0.03340604528784752,0.4467489421367645,0.5741398930549622,-0.1360788196325302,0.5750770568847656,0.5714462995529175,0.13552437722682953,0.37753555178642273,0.7126439213752747,0.031690485775470734,0.5652933120727539,0.698645830154419,0.6992709636688232,0.3126567304134369,0.8442564606666565,0.35790348052978516,0.5438629984855652,0.8010750412940979,1.3062177896499634,0.19907177984714508,0.3881972134113312,-0.8132085204124451,0.7097358703613281,0.36139145493507385,0.1812281608581543,0.2462039738893509,0.26439738273620605,-1.2165169715881348,0.7677879333496094,0.2663722634315491,0.286589115858078
0.37583962082862854,0.3067642152309418,-0.36168423295021057,0.6148279905319214,0.3082314729690552,-0.026001857593655586,0.4488166570663452,0.5759456157684326,-0.1357826441526413,0.576504647731781,0.5730184316635132,0.135225310921669,0.3797793984413147,0.713668167591095,0.032313521951436996,0.5655617713928223,0.6995441317558289,0.6965553760528564,0.31359460949897766,0.84505295753479,0.3470829129219055,0.5443366765975952,0.8017612099647522,1.2914602756500244,0.20033198595046997,0.3888843357563019,-0.8086886405944824,0.7095029950141907,0.36239489912986755,0.1672736555337906,0.2468147575855255,0.26332125067710876,-1.1883331537246704,0.7674150466918945,0.26662686467170715,0.2553052604198456
0.3772871196269989,0.3095816671848297,-0.32180774211883545,0.6165124773979187,0.30920347571372986,-0.02586374059319496,0.4498460292816162,0.5772148966789246,-0.13382598757743835,0.5778066515922546,0.5742509961128235,0.13324585556983948,0.3810117542743683,0.7154008150100708,0.03586422652006149,0.5666822195053101,0.7004448771476746,0.6948888897895813,0.3143569231033325,0.845572829246521,0.34243693947792053,0.5454553365707397,0.8025668859481812,1.2627782821655273,0.20098647475242615,0.3885383903980255,-0.750939667224884,0.7089393138885498,0.3636914789676666,0.15945665538311005,0.24769315123558044,0.2617402672767639,-1.1142085790634155,0.7674078345298767,0.26585742831230164,0.23470227420330048
0.37788665294647217,0.3119765818119049,-0.29989489912986755,0.6172367334365845,0.3112694323062897,-0.021960319951176643,0.4509764611721039,0.5780170559883118,-0.13092011213302612,0.579683244228363,0.5750895142555237,0.13032200932502747,0.38224348425865173,0.7164262533187866,0.03689805045723915,0.5675636529922485,0.7009096145629883,0.6577045917510986,0.31560271978378296,0.8462704420089722,0.3402906060218811,0.5466277003288269,0.8034438490867615,1.1945374011993408,0.20193998515605927,0.38783177733421326,-0.7159727215766907,0.7156774997711182,0.362326055765152,0.10896450281143188,0.2480442225933075,0.2607790529727936,-1.0727941989898682,0.7681318521499634,0.2622998058795929,0.13317440450191498
0.37992560863494873,0.31349802017211914,-0.24549156427383423,0.6189020276069641,0.3118126094341278,-0.022970765829086304,0.4516407251358032,0.5782490372657776,-0.12566836178302765,0.5815443396568298,0.5754696130752563,0.12501415610313416,0.38328447937965393,0.7172895669937134,0.03759736567735672,0.567919135093689,0.7010562419891357,0.629449725151062,0.3165777623653412,0.848050057888031,0.26811927556991577,0.5472871661186218,0.8043110966682434,1.0887434482574463,0.2023306041955948,0.3825271427631378,-0.5778172612190247,0.7283023595809937,0.3532465398311615,-0.15438410639762878,0.25224459171295166,0.2534651756286621,-0.8289151787757874,0.7680982351303101,0.2553361654281616,-0.3989220857620239
0.38419997692108154,0.31475621461868286,-0.2234325110912323,0.6230578422546387,0.3119465708732605,-0.035164423286914825,0.45373013615608215,0.5782303214073181,-0.11805802583694458,0.5850661396980286,0.5753840804100037,0.11733943223953247,0.3847902715206146,0.7177831530570984,0.05838942155241966,0.5694501399993896,0.7010190486907959,0.612957775592804,0.31731733679771423,0.8497487306594849,0.27761489152908325,0.5486323237419128,0.8062538504600525,1.0757436752319336,0.2034769207239151,0.3719334304332733,-0.5283278822898865,0.7429861426353455,0.3403821289539337,-0.2231118083000183,0.2532690465450287,0.24272862076759338,-0.7764413952827454,0.7690529227256775,0.24475505948066711,-0.5187335014343262
0.3880520164966583,0.315369576215744,-0.22691024839878082,0.6275379061698914,0.3117050528526306,-0.030449312180280685,0.45640450716018677,0.5783469676971436,-0.11772999167442322,0.5886770486831665,0.5753030776977539,0.11700723320245743,0.38650545477867126,0.7194581627845764,0.05643954873085022,0.570956289768219,0.7012243270874023,0.6175673007965088,0.31835246086120605,0.8522466421127319,0.27348142862319946,0.5492963790893555,0.8082076907157898,1.1007386445999146,0.2035643458366394,0.36061397194862366,-0.545905351638794,0.7520906925201416,0.3319789171218872,-0.1817913055419922,0.2584049105644226,0.2306402027606964,-0.7730003595352173,0.7690879106521606,0.23664698004722595,-0.44177645444869995
0.3878415822982788,0.3163366913795471,-0.2409040331840515,0.6309413909912109,0.3115048408508301,-0.04196218401193619,0.45824670791625977,0.5784962177276611,-0.1159261092543602,0.5919519662857056,0.5751694440841675,0.11520081758499146,0.38946783542633057,0.7197199463844299,0.05964397266507149,0.5730627179145813,0.7012162804603577,0.6016306281089783,0.3195859491825104,0.8539659976959229,0.3168414831161499,0.5499753952026367,0.8087058663368225,1.1140491962432861,0.20290052890777588,0.34932902455329895,-0.5685241222381592,0.7606827616691589,0.32487455010414124,-0.23572634160518646,0.2594863176345825,0.22238940000534058,-0.8109121918678284,0.767282247543335,0.22837033867835999,-0.5292912721633911
0.38886722922325134,0.3173421025276184,-0.2493090033531189,0.6326741576194763,0.3126426637172699,-0.04598141461610794,0.45942002534866333,0.5785862803459167,-0.1158384308218956,0.5939256548881531,0.5753099322319031,0.11511155962944031,0.39147794246673584,0.719577431678772,0.058150239288806915,0.5749485492706299,0.701326310634613,0.6103805899620056,0.3203873038291931,0.8541098237037659,0.3480723798274994,0.5509185194969177,0.8088659644126892,1.1695020198822021,0.20174893736839294,0.34132546186447144,-0.5647817850112915,0.7680079340934753,0.31904515624046326,-0.1809738129377365,0.2593115568161011,0.21113628149032593,-0.7877181768417358,0.7670366764068604,0.22041775286197662,-0.39408090710639954
0.38902202248573303,0.31874462962150574,-0.27527308464050293,0.633188784122467,0.31389540433883667,-0.0443076454102993,0.4602048993110657,0.5791360139846802,-0.1228492334485054,0.5948850512504578,0.5755347609519958,0.12205224484205246,0.3923298418521881,0.7200692892074585,0.05155627802014351,0.5755258798599243,0.7015195488929749,0.6114128232002258,0.3209106922149658,0.8546850085258484,0.37247931957244873,0.5512989163398743,0.8092219233512878,1.2403923273086548,0.20060856640338898,0.33013010025024414,-0.6119002103805542,0.7724999785423279,0.30982694029808044,-0.14060170948505402,0.26332512497901917,0.19721637666225433,-0.8217946887016296,0.7670716047286987,0.20799259841442108,-0.33190709352493286
0.38882505893707275,0.31864112615585327,-0.2807191014289856,0.6335585713386536,0.3142005503177643,-0.03913378715515137,0.46020448207855225,0.5793489217758179,-0.1303349882364273,0.595036506652832,0.5756568312644958,0.12948262691497803,0.39280304312705994,0.7204453945159912,0.021324116736650467,0.5755581259727478,0.7018705010414124,0.6158319115638733,0.3213847875595093,0.8561888337135315,0.36001595854759216,0.5520347952842712,0.8103840351104736,1.2352961301803589,0.20026090741157532,0.3201441764831543,-0.6643534898757935,0.778717577457428,0.301972359418869,-0.14540287852287292,0.268026202917099,0.1871950924396515,-0.9345173835754395,0.7656769752502441,0.1956087052822113,-0.35759538412094116
0.3882695436477661,0.31849604845046997,-0.2856280505657196,0.636132538318634,0.3139162063598633,-0.04443821310997009,0.4605405032634735,0.5786464214324951,-0.1302473247051239,0.5971068143844604,0.5749799609184265,0.1294201910495758,0.3939956724643707,0.7203903794288635,0.021930484101176262,0.5760969519615173,0.7020100355148315,0.6178827881813049,0.3222283124923706,0.8575431704521179,0.33479824662208557,0.553011953830719,0.8116151690483093,1.2336339950561523,0.20073002576828003,0.3048686683177948,-0.663163423538208,0.7833807468414307,0.29110002517700195,-0.26112794876098633,0.27349087595939636,0.17500996589660645,-0.8856576085090637,0.7638894319534302,0.18672500550746918,-0.5935431718826294
0.3869068920612335,0.31865987181663513,-0.2941129207611084,0.6376969218254089,0.31380710005760193,-0.04516766592860222,0.4611710011959076,0.5786257982254028,-0.13177508115768433,0.5985229015350342,0.5748311877250671,0.13096602261066437,0.3940487504005432,0.7212294936180115,0.02263367362320423,0.5767709016799927,0.7032857537269592,0.6207915544509888,0.3227694630622864,0.8596970438957214,0.3329271376132965,0.5535380840301514,0.8127581477165222,1.2164093255996704,0.20225825905799866,0.2923395037651062,-0.7022830247879028,0.7796013951301575,0.2821637988090515,-0.2714295983314514,0.27865341305732727,0.16432403028011322,-0.9574623107910156,0.7597479224205017,0.1787365972995758,-0.6070300936698914
0.38683030009269714,0.31889188289642334,-0.29718509316444397,0.6382601261138916,0.3135989010334015,-0.04598550498485565,0.4623214304447174,0.5789523720741272,-0.1316869705915451,0.5988976955413818,0.5749040246009827,0.13089394569396973,0.3946168124675751,0.7224214673042297,0.022887801751494408,0.5773637294769287,0.7044388055801392,0.6125650405883789,0.323086678981781,0.860899031162262,0.32674434781074524,0.5537834167480469,0.814250111579895,1.1568779945373535,0.20500659942626953,0.28241854906082153,-0.7188846468925476,0.7767033576965332,0.2706965506076813,-0.25957876443862915,0.2831652760505676,0.15391629934310913,-0.9718649387359619,0.7563498616218567,0.16921518743038177,-0.5538280606269836
0.38727498054504395,0.31850191950798035,-0.29681122303009033,0.6383504271507263,0.31273359060287476,-0.03849340230226517,0.46321240067481995,0.5790254473686218,-0.13195407390594482,0.5991536378860474,0.5747321844100952,0.13118495047092438,0.39655041694641113,0.7232956290245056,0.023943353444337845,0.5783296823501587,0.704915463924408,0.6330831050872803,0.3234616219997406,0.862252950668335,0.32663610577583313,0.5552610754966736,0.8148448467254639,1.19303297996521,0.20880821347236633,0.2729596197605133,-0.6186425089836121,0.7756451368331909,0.2620398700237274,-0.13855013251304626,0.2874393165111542,0.13959719240665436,-0.7198283672332764,0.7521776556968689,0.15892024338245392,-0.29483047127723694
0.38816797733306885,0.3182123601436615,-0.313580185174942,0.6403022408485413,0.31116437911987305,-0.025828246027231216,0.46404701471328735,0.5789600014686584,-0.13577312231063843,0.6002097725868225,0.5740766525268555,0.13505813479423523,0.3985721468925476,0.7234820127487183,0.005142337176948786,0.5788072347640991,0.7051416635513306,0.6801612973213196,0.3244624733924866,0.8644019365310669,0.27840280532836914,0.5562633275985718,0.8148743510246277,1.2444701194763184,0.21984060108661652,0.2638207972049713,-0.6771836876869202,0.77460116147995,0.25208157300949097,-0.10482955724000931,0.2932107746601105,0.1342238485813141,-0.7923190593719482,0.7478611469268799,0.15049691498279572,-0.25826194882392883
0.39134788513183594,0.3181055188179016,-0.3132858872413635,0.6406509280204773,0.31012678146362305,-0.013310984708368778,0.4655454754829407,0.5786752104759216,-0.13750362396240234,0.6009193658828735,0.573403000831604,0.13682793080806732,0.40005379915237427,0.7234382629394531,0.0040328288450837135,0.5796254873275757,0.7053134441375732,0.7001192569732666,0.3262769281864166,0.8639296293258667,0.24847052991390228,0.5570334792137146,0.8159096837043762,1.2688043117523193,0.2302728295326233,0.2564326822757721,-0.6138409376144409,0.7738746404647827,0.24611517786979675,-0.04946967959403992,0.3019954264163971,0.12453871220350266,-0.6743742823600769,0.745203971862793,0.14573106169700623,-0.17329606413841248
0.39239320158958435,0.31802743673324585,-0.32332873344421387,0.6391701102256775,0.31015393137931824,0.00832604244351387,0.4662924110889435,0.5786487460136414,-0.14072920382022858,0.6010504961013794,0.5731073617935181,0.14010637998580933,0.4010526239871979,0.7237313985824585,-0.02441938780248165,0.5798552632331848,0.7065936923027039,0.6876749396324158,0.32784727215766907,0.8647878170013428,0.18844060599803925,0.5576669573783875,0.8177534341812134,1.2593166828155518,0.2389933317899704,0.24966590106487274,-0.6223517656326294,0.7633639574050903,0.2428741157054901,-0.0053376080468297005,0.3133281469345093,0.116742804646492,-0.6872233748435974,0.7381322383880615,0.13660189509391785,-0.11637332290410995
0.39606335759162903,0.3188282549381256,-0.35099902749061584,0.6385884284973145,0.31030553579330444,0.004593838006258011,0.4666021764278412,0.5791011452674866,-0.14034676551818848,0.6016556620597839,0.5731921792030334,0.13970988988876343,0.4021759033203125,0.7246112823486328,-0.015326137654483318,0.5799628496170044,0.7072374224662781,0.6829937696456909,0.3297223746776581,0.8662789463996887,0.22652612626552582,0.5586875677108765,0.8197593688964844,1.2472350597381592,0.24564427137374878,0.24117842316627502,-0.6557518839836121,0.7531687617301941,0.23894095420837402,-0.030280981212854385,0.32217636704444885,0.10731697082519531,-0.7161145806312561,0.7334180474281311,0.12766805291175842,-0.11717334389686584
0.3974435329437256,0.31942400336265564,-0.36390069127082825,0.6379164457321167,0.3109396696090698,0.0022986249532550573,0.4665576219558716,0.5791985988616943,-0.14028650522232056,0.6020020246505737,0.5731647610664368,0.13967113196849823,0.40336325764656067,0.7252867221832275,-0.02973749302327633,0.5805991888046265,0.7086852788925171,0.6800392270088196,0.33201736211776733,0.8680358529090881,0.1856045126914978,0.5590955018997192,0.8209044933319092,1.244867205619812,0.25325512886047363,0.23859593272209167,-0.6852178573608398,0.7483238577842712,0.2341679036617279,-0.03075242228806019,0.32637977600097656,0.10400988906621933,-0.7411167025566101,0.7297019958496094,0.12287867814302444,-0.10475598275661469
0.3975362777709961,0.3194155693054199,-0.35967519879341125,0.6375361084938049,0.31098073720932007,-0.00119479326531291,0.46653544902801514,0.579705536365509,-0.1401074379682541,0.6036274433135986,0.573319137096405,0.13947837054729462,0.40563029050827026,0.7260330319404602,-0.048604752868413925,0.581572949886322,0.7112723588943481,0.6777262687683105,0.3338012993335724,0.8689056634902954,0.12691666185855865,0.560265302658081,0.823276937007904,1.2465678453445435,0.26293471455574036,0.23289181292057037,-0.6983492970466614,0.7366512417793274,0.23209431767463684,-0.02062496356666088,0.3318677842617035,0.10141510516405106,-0.7591779828071594,0.7264655232429504,0.11923495680093765,-0.10185961425304413
0.3995080590248108,0.31924426555633545,-0.3380070924758911,0.6374775767326355,0.3106198310852051,-0.008661013096570969,0.4664578437805176,0.5796969532966614,-0.13708671927452087,0.6042653322219849,0.5731380581855774,0.13650423288345337,0.40616655349731445,0.726123034954071,-0.0515650175511837,0.5827036499977112,0.7130268216133118,0.6778144836425781,0.3351147174835205,0.8699581623077393,0.09253016114234924,0.5604569911956787,0.8232843279838562,1.2918180227279663,0.2714368999004364,0.22529129683971405,-0.676992654800415,0.7292269468307495,0.22576192021369934,-0.04339834675192833,0.34030717611312866,0.0945977121591568,-0.7181854844093323,0.7183334827423096,0.11319997906684875,-0.14630137383937836
0.40042436122894287,0.3196190297603607,-0.36833858489990234,0.6359118223190308,0.31057804822921753,-0.033625680953264236,0.466431587934494,0.581177830696106,-0.13776159286499023,0.6039212346076965,0.573742151260376,0.13719238340854645,0.40614983439445496,0.7274025082588196,-0.04269425943493843,0.5828636884689331,0.7130107283592224,0.7026495933532715,0.3371191918849945,0.8715009689331055,0.14568178355693817,0.5604290962219238,0.823982834815979,1.3218181133270264,0.28268924355506897,0.2229163646697998,-0.7058553099632263,0.7206524610519409,0.22131337225437164,-0.08070365339517593,0.3449508249759674,0.09024564176797867,-0.7364873886108398,0.6941452026367188,0.1048634871840477,-0.15483610332012177
0.401481568813324,0.31990450620651245,-0.36030954122543335,0.6356645226478577,0.31013381481170654,-0.06765660643577576,0.4656870663166046,0.5825087428092957,-0.13433018326759338,0.6038774847984314,0.5755274891853333,0.13375253975391388,0.4062325954437256,0.7289140224456787,-0.023412713780999184,0.5844244956970215,0.7147533297538757,0.6829405426979065,0.33826306462287903,0.8721579313278198,0.19561386108398438,0.5604670643806458,0.8247341513633728,1.3017884492874146,0.2937251031398773,0.21816326677799225,-0.7018064260482788,0.7141152024269104,0.2148289680480957,-0.17466823756694794,0.34998610615730286,0.08499344438314438,-0.7291508316993713,0.6775809526443481,0.096267931163311,-0.3132970929145813
0.40134263038635254,0.3198778033256531,-0.3929259777069092,0.6335430145263672,0.3097371459007263,-0.07125324755907059,0.4633859097957611,0.5836978554725647,-0.1343679130077362,0.6019187569618225,0.5767672061920166,0.13379181921482086,0.40616288781166077,0.729498028755188,-0.006781670264899731,0.5843150019645691,0.7145935297012329,0.6944687366485596,0.3384486138820648,0.871903657913208,0.23119314014911652,0.5604633688926697,0.8258631229400635,1.3314005136489868,0.30339059233665466,0.21146784722805023,-0.7329049706459045,0.7060639262199402,0.21219497919082642,-0.1554519087076187,0.3553555905818939,0.08014345169067383,-0.7549628019332886,0.6716343760490417,0.09315300732851028,-0.30686426162719727
0.40122467279434204,0.3198394477367401,-0.40609821677207947,0.6311061382293701,0.3093595504760742,-0.10683503746986389,0.4619399607181549,0.5841542482376099,-0.12839755415916443,0.600764811038971,0.5777592062950134,0.1278650015592575,0.40611621737480164,0.7294856309890747,0.01498422585427761,0.5845551490783691,0.714565098285675,0.691758394241333,0.3396058678627014,0.8717664480209351,0.27135777473449707,0.5600976943969727,0.8257244229316711,1.3184276819229126,0.3156760632991791,0.2073969542980194,-0.7397651076316833,0.6983070969581604,0.20684970915317535,-0.20289823412895203,0.36182400584220886,0.07457995414733887,-0.7607319355010986,0.6616250872612,0.08642281591892242,-0.36321088671684265
0.40116262435913086,0.3202883005142212,-0.5214144587516785,0.6286349296569824,0.30948689579963684,-0.16087590157985687,0.46169382333755493,0.5859707593917847,-0.12923553586006165,0.6004303693771362,0.5801827907562256,0.12872633337974548,0.40614739060401917,0.7296427488327026,0.012061302550137043,0.584904134273529,0.7144452333450317,0.721754789352417,0.3395141661167145,0.8717024326324463,0.27227240800857544,0.560089647769928,0.8257054090499878,1.3604674339294434,0.32545775175094604,0.20439106225967407,-0.8637807965278625,0.6891819834709167,0.20536400377750397,-0.21626479923725128,0.36870256066322327,0.06922371685504913,-0.9020848274230957,0.6548733115196228,0.0843273401260376,-0.37745001912117004
0.4016416668891907,0.3206775486469269,-0.5363699793815613,0.6284627914428711,0.30886074900627136,-0.20481640100479126,0.4616517126560211,0.5866586565971375,-0.1303718537092209,0.600418210029602,0.5814129114151001,0.12989389896392822,0.4062056243419647,0.7296577095985413,-0.06000051274895668,0.5842379927635193,0.7143518924713135,0.7375065684318542,0.3389296233654022,0.8731644749641418,0.12066254764795303,0.5595609545707703,0.8259268999099731,1.3827271461486816,0.3349589407444,0.20457474887371063,-0.8817183971405029,0.6793602705001831,0.20340557396411896,-0.27591273188591003,0.38221555948257446,0.06597711145877838,-0.9094395041465759,0.6479122042655945,0.0817609652876854,-0.44415199756622314
0.40158629417419434,0.32101303339004517,-0.6273956298828125,0.6274340748786926,0.3088487982749939,-0.2834303379058838,0.46080154180526733,0.5890467762947083,-0.13212130963802338,0.6004073023796082,0.5841324329376221,0.13166263699531555,0.40600794553756714,0.7300501465797424,-0.02641066536307335,0.584717869758606,0.7143681049346924,0.7878457307815552,0.3388836681842804,0.8731845021247864,0.22984570264816284,0.5595858097076416,0.8258373141288757,1.466819405555725,0.3414858281612396,0.20140303671360016,-0.9728943109512329,0.6681163311004639,0.20033922791481018,-0.35302862524986267,0.3833167850971222,0.058935392647981644,-0.9883636236190796,0.6366574168205261,0.07578662782907486,-0.5340049266815186
0.40168827772140503,0.32099390029907227,-0.5811032056808472,0.62753826379776,0.30809465050697327,-0.258805513381958,0.46073874831199646,0.589461624622345,-0.13214761018753052,0.6009625196456909,0.5848791599273682,0.13168750703334808,0.40620651841163635,0.7303544878959656,0.006293317303061485,0.5861625671386719,0.7144699096679688,0.7758792638778687,0.3388268053531647,0.8736949563026428,0.23474925756454468,0.5597913265228271,0.8258157968521118,1.428902506828308,0.34706932306289673,0.1976543366909027,-0.9093034267425537,0.6666724681854248,0.1940530389547348,-0.3320309519767761,0.3887266516685486,0.05780472978949547,-0.9290151000022888,0.6221312284469604,0.06722326576709747,-0.5044265985488892
0.4016864597797394,0.3209927976131439,-0.5747680068016052,0.6266297101974487,0.3074595630168915,-0.294902503490448,0.46047866344451904,0.5907814502716064,-0.12415643036365509,0.6009562015533447,0.5854745507240295,0.12373077869415283,0.40614715218544006,0.7309979200363159,0.056142084300518036,0.5859894156455994,0.7139772176742554,0.7688201069831848,0.33853182196617126,0.8744727969169617,0.3255106806755066,0.5601771473884583,0.8257755637168884,1.4129307270050049,0.35163256525993347,0.19607536494731903,-0.8940308094024658,0.6566231846809387,0.1942320168018341,-0.38784927129745483,0.3932300806045532,0.06203295662999153,-0.9056280851364136,0.6238240599632263,0.06537467986345291,-0.5476098656654358
0.4006207287311554,0.32026511430740356,-0.556280791759491,0.6241858005523682,0.30695250630378723,-0.2830318212509155,0.4603433907032013,0.5915666222572327,-0.12003707885742188,0.6007891297340393,0.5861345529556274,0.11956268548965454,0.4056693911552429,0.7319017052650452,0.09888805449008942,0.5860432982444763,0.713647723197937,0.7223776578903198,0.3383488953113556,0.8750132322311401,0.40165117383003235,0.5600988864898682,0.8259020447731018,1.3170831203460693,0.3630458116531372,0.1959078162908554,-0.8726012110710144,0.6483953595161438,0.1921161264181137,-0.3752378225326538,0.39856910705566406,0.06479214876890182,-0.8512639403343201,0.6222982406616211,0.065473273396492,-0.5302522778511047
0.40037018060684204,0.3153636157512665,-0.5420218706130981,0.6199923753738403,0.3031702935695648,-0.27475589513778687,0.46033865213394165,0.5915570855140686,-0.12243248522281647,0.6007741093635559,0.5860162377357483,0.12196312099695206,0.40550029277801514,0.7321330904960632,0.0926903784275055,0.5862900614738464,0.7126098275184631,0.7146551609039307,0.3378436267375946,0.875318706035614,0.3902049660682678,0.5603512525558472,0.8261369466781616,1.2987233400344849,0.3715801239013672,0.1888786405324936,-0.8597611784934998,0.6408452987670898,0.1899082213640213,-0.31830325722694397,0.4004802703857422,0.05774279311299324,-0.8362436890602112,0.6202998757362366,0.0642656534910202,-0.5224544405937195
0.4001035988330841,0.31298941373825073,-0.5539786219596863,0.6162017583847046,0.3021571934223175,-0.2568432092666626,0.4603232145309448,0.5918048024177551,-0.12948766350746155,0.5997395515441895,0.5859668254852295,0.1290818303823471,0.4054834246635437,0.7321174144744873,0.07640688866376877,0.5861993432044983,0.7099063396453857,0.7163493037223816,0.33781033754348755,0.8756866455078125,0.3616054654121399,0.5607510209083557,0.826580286026001,1.2848387956619263,0.3778364956378937,0.18759945034980774,-0.8681363463401794,0.6370922923088074,0.18775859475135803,-0.2659432888031006,0.3990653157234192,0.057496726512908936,-0.8402993083000183,0.6163901686668396,0.062179066240787506,-0.48170730471611023
0.39999133348464966,0.3111182749271393,-0.5472001433372498,0.6151222586631775,0.301177054643631,-0.21529999375343323,0.46001386642456055,0.5918053984642029,-0.13242031633853912,0.5986267924308777,0.585877537727356,0.13205839693546295,0.40530896186828613,0.7321555614471436,0.06241800636053085,0.5858287811279297,0.7094355821609497,0.7164725661277771,0.33776727318763733,0.8764466643333435,0.3507598638534546,0.5612413883209229,0.8266831636428833,1.2865959405899048,0.3802469074726105,0.18724122643470764,-0.8659749627113342,0.6348934173583984,0.18687325716018677,-0.23995593190193176,0.39805811643600464,0.0581640787422657,-0.8414612412452698,0.6149419546127319,0.06093723326921463,-0.4371817409992218
0.3993886709213257,0.3100034296512604,-0.5459694862365723,0.6136085987091064,0.30038270354270935,-0.17559225857257843,0.45949462056159973,0.5917605757713318,-0.13685449957847595,0.5974388122558594,0.5858275890350342,0.13654246926307678,0.40466609597206116,0.7324683666229248,0.05145563930273056,0.585818350315094,0.7092508673667908,0.7157387733459473,0.33773136138916016,0.8785235285758972,0.3423892557621002,0.5612725019454956,0.8272596597671509,1.282227635383606,0.3795304000377655,0.1869024932384491,-0.8682431578636169,0.6330992579460144,0.18677657842636108,-0.20235809683799744,0.396413654088974,0.05496279522776604,-0.8422447443008423,0.6120138168334961,0.060259196907281876,-0.38952454924583435
0.3992510437965393,0.309678852558136,-0.5475131273269653,0.6128008961677551,0.300028920173645,-0.17622701823711395,0.45918354392051697,0.5917669534683228,-0.13812430202960968,0.597283661365509,0.585768461227417,0.13780084252357483,0.4039301872253418,0.7331729531288147,0.05141395702958107,0.5862213969230652,0.7093566656112671,0.7145020365715027,0.3377034664154053,0.8786324262619019,0.3449648320674896,0.561106264591217,0.828210711479187,1.2746026515960693,0.3768361806869507,0.18595601618289948,-0.8674427270889282,0.6324508190155029,0.18637435138225555,-0.2028273195028305,0.39560291171073914,0.05313479155302048,-0.8428313732147217,0.6097188591957092,0.05944351851940155,-0.3944413661956787
0.3985189199447632,0.3097234070301056,-0.544770359992981,0.6129769682884216,0.3000560700893402,-0.21687965095043182,0.4587756395339966,0.591609537601471,-0.12945079803466797,0.5970562100410461,0.5857431888580322,0.129152312874794,0.4037225842475891,0.7332517504692078,0.05849061161279678,0.5872088670730591,0.70942622423172,0.6568379998207092,0.3376579284667969,0.8785606622695923,0.3438865840435028,0.5613658428192139,0.8290811777114868,1.1820003986358643,0.37421858310699463,0.1863553673028946,-0.8511139750480652,0.634062647819519,0.18641777336597443,-0.29335442185401917,0.3950560390949249,0.05399244278669357,-0.8245114684104919,0.6088073253631592,0.05835014581680298,-0.454910010099411
0.3984726369380951,0.30984196066856384,-0.5147256851196289,0.6132834553718567,0.3000752627849579,-0.21725939214229584,0.45845311880111694,0.591364324092865,-0.1232462152838707,0.5963078141212463,0.5854148864746094,0.12292268872261047,0.40350422263145447,0.7334011793136597,0.05838809907436371,0.5878240466117859,0.7093416452407837,0.6283491849899292,0.33751431107521057,0.8790056109428406,0.3413829803466797,0.562441349029541,0.8296539187431335,1.134441614151001,0.37242674827575684,0.1864953488111496,-0.7951650023460388,0.6359074115753174,0.18713301420211792,-0.30858922004699707,0.3944835662841797,0.054506752640008926,-0.7769287824630737,0.6103924512863159,0.059566933661699295,-0.4608364403247833
0.39848092198371887,0.3100931942462921,-0.5351870656013489,0.6127818822860718,0.30011802911758423,-0.21407289803028107,0.45846474170684814,0.5904515981674194,-0.12732751667499542,0.5955317616462708,0.5845021605491638,0.12702874839305878,0.40348607301712036,0.7326189875602722,-0.007116819266229868,0.5876802206039429,0.7086885571479797,0.6372660398483276,0.3370690941810608,0.8789694309234619,0.2210867702960968,0.5636809468269348,0.8297146558761597,1.1846933364868164,0.3657115399837494,0.18709175288677216,-0.8188056945800781,0.6362956166267395,0.18762892484664917,-0.2990777790546417,0.38945674896240234,0.05479874834418297,-0.8131495118141174,0.6116229295730591,0.06018662080168724,-0.45542868971824646
0.39846548438072205,0.31018656492233276,-0.5393051505088806,0.6128880977630615,0.29993167519569397,-0.2181021124124527,0.4583710730075836,0.5900844931602478,-0.12747889757156372,0.5948261022567749,0.5839026570320129,0.12717312574386597,0.4034658968448639,0.7312963008880615,-0.0034327432513237,0.5876435041427612,0.7075287699699402,0.6466200947761536,0.3364686667919159,0.8789422512054443,0.2215237021446228,0.5640754103660583,0.8297030925750732,1.1973596811294556,0.3503114581108093,0.18750151991844177,-0.8333215713500977,0.6416165828704834,0.18774312734603882,-0.2961111068725586,0.3871209919452667,0.05168124660849571,-0.8358659148216248,0.6122741103172302,0.06122385710477829,-0.4588494300842285
0.3983454406261444,0.31145209074020386,-0.5129996538162231,0.6129802465438843,0.2999982535839081,-0.1630135029554367,0.45840010046958923,0.5900446772575378,-0.1360924243927002,0.5941382646560669,0.5836107134819031,0.13580426573753357,0.4034481644630432,0.730520486831665,-0.03669789060950279,0.5868387818336487,0.7066841125488281,0.6837790012359619,0.33615830540657043,0.8790934681892395,0.13363920152187347,0.5644918084144592,0.8297089338302612,1.2077947854995728,0.3363719880580902,0.1903184950351715,-0.8212264776229858,0.6478124260902405,0.18883149325847626,-0.222059428691864,0.37795546650886536,0.05672287940979004,-0.8350187540054321,0.612421452999115,0.06560568511486053,-0.40207770466804504
0.3982014060020447,0.31241005659103394,-0.4986047148704529,0.6130260229110718,0.30079489946365356,-0.13320915400981903,0.4583883583545685,0.5900304317474365,-0.13913284242153168,0.5933192372322083,0.5834692716598511,0.13886214792728424,0.40344300866127014,0.7295438647270203,-0.058804843574762344,0.586414098739624,0.7060583233833313,0.6987419128417969,0.3359391689300537,0.8790977597236633,0.09362408518791199,0.5647919178009033,0.8297011256217957,1.2321704626083374,0.3254484534263611,0.19178816676139832,-0.8189451694488525,0.6579537987709045,0.19196616113185883,-0.18908537924289703,0.3683035671710968,0.058695901185274124,-0.8390017747879028,0.6144627332687378,0.07015077024698257,-0.3766559660434723
0.3977297246456146,0.31330734491348267,-0.4704701900482178,0.6152496337890625,0.3054203391075134,-0.12754958868026733,0.4578167200088501,0.5907112956047058,-0.13894274830818176,0.5926343202590942,0.5837330222129822,0.13866662979125977,0.4033295512199402,0.729360818862915,-0.07153692096471786,0.5860965847969055,0.7059622406959534,0.7075580954551697,0.33582988381385803,0.8791882395744324,0.1050480529665947,0.5648375749588013,0.8292340636253357,1.3068442344665527,0.31391772627830505,0.193497896194458,-0.8065474629402161,0.6707050204277039,0.20120938122272491,-0.1938897967338562,0.357558935880661,0.06293879449367523,-0.8396873474121094,0.6224811673164368,0.07944831252098083,-0.3748355209827423
0.3963952362537384,0.3142895996570587,-0.44727879762649536,0.6171557307243347,0.30857256054878235,-0.13202449679374695,0.4552946984767914,0.5918408632278442,-0.13484661281108856,0.5903685092926025,0.5842482447624207,0.13457462191581726,0.40269753336906433,0.7293509244918823,-0.03912820667028427,0.5857608914375305,0.7059703469276428,0.7031002044677734,0.3358975648880005,0.8789529204368591,0.19050699472427368,0.5648422241210938,0.8290036916732788,1.294269323348999,0.2982381582260132,0.1980043351650238,-0.7651197910308838,0.6765073537826538,0.21183474361896515,-0.20493252575397491,0.3434230387210846,0.06743864715099335,-0.8013927936553955,0.6330181956291199,0.08849473297595978,-0.3829767405986786
0.3944990932941437,0.31693539023399353,-0.4598184823989868,0.6170521378517151,0.313583642244339,-0.0885343998670578,0.4547578692436218,0.592969536781311,-0.1441149115562439,0.5885553359985352,0.5847341418266296,0.14382193982601166,0.4024028778076172,0.7292667031288147,-0.05078853666782379,0.5854385495185852,0.7059740424156189,0.7095412015914917,0.33583056926727295,0.8789205551147461,0.13827446103096008,0.5650596618652344,0.828533411026001,1.2853893041610718,0.2818032205104828,0.2060987651348114,-0.7763169407844543,0.6841090321540833,0.22571353614330292,-0.11187328398227692,0.33297908306121826,0.07467480003833771,-0.8084849715232849,0.6550121307373047,0.10136730968952179,-0.2880318760871887
0.39414140582084656,0.3198012709617615,-0.5063709020614624,0.6169533133506775,0.3182893991470337,-0.09816811233758926,0.45451417565345764,0.5939429998397827,-0.15673300623893738,0.5866997241973877,0.5852992534637451,0.15634949505329132,0.4021933078765869,0.7280229926109314,-0.10775196552276611,0.584919273853302,0.7057554721832275,0.7650005221366882,0.3348778188228607,0.8788320422172546,0.0679856538772583,0.5654200315475464,0.8282247185707092,1.377103328704834,0.27295807003974915,0.2177826464176178,-0.8552342653274536,0.6935676336288452,0.23492713272571564,-0.06348057836294174,0.32662439346313477,0.08401146531105042,-0.955703616142273,0.6728261113166809,0.11040715128183365,-0.17492879927158356
0.39367178082466125,0.3225289583206177,-0.5075126886367798,0.617914080619812,0.3205679953098297,-0.07305147498846054,0.45398783683776855,0.5945889353752136,-0.16812661290168762,0.5847684741020203,0.5857628583908081,0.16774782538414001,0.4011703133583069,0.7279050946235657,-0.12697318196296692,0.5833636522293091,0.7052485346794128,0.7987551689147949,0.33476942777633667,0.8789651989936829,0.07001584023237228,0.5653453469276428,0.8280125260353088,1.4146870374679565,0.2658402621746063,0.2299322932958603,-0.8540385961532593,0.700957179069519,0.23935312032699585,0.0189781803637743,0.3074883818626404,0.09306800365447998,-0.9694255590438843,0.6865397691726685,0.11691330373287201,-0.04236617684364319
0.3931717574596405,0.323362797498703,-0.4690001606941223,0.6184192299842834,0.32090428471565247,-0.039886727929115295,0.45213690400123596,0.5947079062461853,-0.16777466237545013,0.5819385051727295,0.5857680439949036,0.16739997267723083,0.3991234004497528,0.728587806224823,-0.11727474629878998,0.5826456546783447,0.7050408124923706,0.7760424017906189,0.33448007702827454,0.8788286447525024,0.07779508829116821,0.5655778646469116,0.8277848958969116,1.3716719150543213,0.2589632570743561,0.23641015589237213,-0.821172833442688,0.708217203617096,0.2445387840270996,0.04124273732304573,0.3075982630252838,0.10083786398172379,-0.9389864802360535,0.6928672194480896,0.12320350110530853,-0.0055936784483492374
0.39248842000961304,0.32460421323776245,-0.45135578513145447,0.6200876832008362,0.3214885890483856,-0.040888939052820206,0.4511266350746155,0.5946975350379944,-0.16668331623077393,0.5810059905052185,0.5857924818992615,0.16632281243801117,0.3980824947357178,0.7285276055335999,-0.11081182956695557,0.5824442505836487,0.705043613910675,0.7682487964630127,0.334454208612442,0.8770726323127747,0.0972161516547203,0.5655378699302673,0.8273116946220398,1.361357569694519,0.25013527274131775,0.2452712506055832,-0.8063833117485046,0.7154083251953125,0.25104033946990967,0.058475155383348465,0.2931281328201294,0.106705442070961,-0.9501960873603821,0.7090473175048828,0.13359400629997253,0.043281883001327515
0.39246922731399536,0.32614609599113464,-0.41945311427116394,0.6253725290298462,0.321840763092041,-0.00024418867542408407,0.4514915645122528,0.5946477651596069,-0.1653515249490738,0.5817177891731262,0.5856910943984985,0.16499091684818268,0.3966923654079437,0.7287613749504089,-0.07006616145372391,0.5826148986816406,0.7048876285552979,0.7666288614273071,0.33458706736564636,0.8768090605735779,0.17953179776668549,0.5653654932975769,0.8270336985588074,1.3366276025772095,0.24217820167541504,0.2517833411693573,-0.7901465892791748,0.7223420143127441,0.2551504075527191,0.19176121056079865,0.2848722040653229,0.11460980027914047,-0.9356080889701843,0.7272189855575562,0.14378823339939117,0.2973457872867584
0.392502099275589,0.32618772983551025,-0.42222830653190613,0.6263735890388489,0.32321104407310486,0.030331922695040703,0.4505521357059479,0.5946711897850037,-0.17137715220451355,0.5809467434883118,0.5860850811004639,0.17088186740875244,0.3959817588329315,0.7291520237922668,-0.006347183603793383,0.5822120308876038,0.7051543593406677,0.7799074649810791,0.33531057834625244,0.8764910101890564,0.29955488443374634,0.5651176571846008,0.8263934254646301,1.3541735410690308,0.2346406728029251,0.25826165080070496,-0.8506777286529541,0.7264267206192017,0.26410427689552307,0.3029213547706604,0.27345436811447144,0.12260790169239044,-1.0939713716506958,0.739755392074585,0.15989245474338531,0.5026528835296631
0.39285141229629517,0.32608720660209656,-0.40266263484954834,0.6317979693412781,0.32302457094192505,0.01529207918792963,0.4501829445362091,0.5962475538253784,-0.170084148645401,0.5808664560317993,0.5886372923851013,0.16959530115127563,0.39381664991378784,0.7303012013435364,0.05297558009624481,0.582027792930603,0.7049821615219116,0.7747088074684143,0.3354582190513611,0.8738366365432739,0.43027442693710327,0.5645515322685242,0.8262984156608582,1.3804394006729126,0.22207233309745789,0.26786962151527405,-0.8812174797058105,0.7357117533683777,0.26793748140335083,0.2034597396850586,0.2624303698539734,0.1365787237882614,-1.1832877397537231,0.7463146448135376,0.16240303218364716,0.3238467872142792
0.3929111659526825,0.32598552107810974,-0.34658676385879517,0.63618403673172,0.3232332468032837,-0.0018859055126085877,0.45003119111061096,0.5961894392967224,-0.16783428192138672,0.5808965563774109,0.5885856747627258,0.16728085279464722,0.3937988877296448,0.7300819158554077,0.035379357635974884,0.5810800790786743,0.7039816379547119,0.7724612951278687,0.3355112671852112,0.8713406324386597,0.36742255091667175,0.5645490288734436,0.8236755728721619,1.3722107410430908,0.2116420567035675,0.27463799715042114,-0.8370445966720581,0.7494860291481018,0.2700856328010559,-0.048687249422073364,0.2585822641849518,0.14429497718811035,-1.1209869384765625,0.7555918097496033,0.16771599650382996,-0.21382829546928406
0.3932228684425354,0.3259178400039673,-0.3719176948070526,0.6363570690155029,0.3231271207332611,0.015901794657111168,0.4506717026233673,0.5961219668388367,-0.16722403466701508,0.5813435912132263,0.5878915786743164,0.16658245027065277,0.3926507532596588,0.7310982942581177,0.06427720189094543,0.5810152888298035,0.7039814591407776,0.757980227470398,0.33549684286117554,0.8713104128837585,0.4219532907009125,0.5639612078666687,0.8232375979423523,1.3446110486984253,0.20280158519744873,0.281278520822525,-0.8367329239845276,0.7446427345275879,0.2771573066711426,0.19785059988498688,0.24526390433311462,0.14744941890239716,-1.1223952770233154,0.7610458135604858,0.17357848584651947,0.31260964274406433
0.3932258188724518,0.32581835985183716,-0.35527747869491577,0.6359822750091553,0.3231300711631775,0.029401104897260666,0.45077621936798096,0.5960845947265625,-0.16246867179870605,0.5814509391784668,0.5878623127937317,0.16177353262901306,0.39213913679122925,0.7325856685638428,0.06215161085128784,0.5795926451683044,0.7047914266586304,0.7322330474853516,0.335640013217926,0.8713487982749939,0.40438607335090637,0.563686728477478,0.8228318691253662,1.3192048072814941,0.19581347703933716,0.29093581438064575,-0.8072565197944641,0.7498428821563721,0.28056153655052185,0.16076621413230896,0.23997226357460022,0.16013917326927185,-1.0977487564086914,0.7619338035583496,0.18115954101085663,0.19598175585269928
0.39319711923599243,0.32662397623062134,-0.3354688882827759,0.6362167000770569,0.3231211304664612,0.019894203171133995,0.4508642256259918,0.5964843034744263,-0.15093037486076355,0.5814758539199829,0.5884444713592529,0.15021537244319916,0.39009448885917664,0.7370859980583191,0.09874977171421051,0.5794132351875305,0.7086445689201355,0.6943337321281433,0.3356351852416992,0.8714188933372498,0.4637678265571594,0.5626286268234253,0.8222004175186157,1.2746800184249878,0.18866650760173798,0.3005794286727905,-0.7465236186981201,0.7512533664703369,0.2839706242084503,0.15623319149017334,0.23480477929115295,0.17193342745304108,-1.0859811305999756,0.7613078951835632,0.18419544398784637,0.19784748554229736
0.39313122630119324,0.32655617594718933,-0.3395848274230957,0.6360241174697876,0.32286447286605835,0.024306239560246468,0.4523041546344757,0.5965606570243835,-0.14796559512615204,0.5829887390136719,0.588520884513855,0.1472267210483551,0.38986802101135254,0.7374275326728821,0.12331763654947281,0.579369843006134,0.7099757790565491,0.6988864541053772,0.3356555700302124,0.8707281351089478,0.4943142235279083,0.5620623230934143,0.8223583698272705,1.2395036220550537,0.18634846806526184,0.31204745173454285,-0.7581221461296082,0.7543107867240906,0.2919587790966034,0.25032758712768555,0.2315538376569748,0.1789592206478119,-1.087950587272644,0.7617853879928589,0.19417333602905273,0.4139842987060547
0.3932705819606781,0.3263740837574005,-0.3376404643058777,0.635922908782959,0.32272905111312866,0.02061927132308483,0.4535865783691406,0.5963941216468811,-0.1445692628622055,0.583410382270813,0.5883364081382751,0.14385679364204407,0.38981446623802185,0.7378684282302856,0.10943774878978729,0.5801132917404175,0.7104123830795288,0.6907375454902649,0.3356855511665344,0.8705291748046875,0.4590325951576233,0.5616925954818726,0.8225864768028259,1.2181767225265503,0.18355245888233185,0.31849685311317444,-0.7209925055503845,0.7578557729721069,0.2958886921405792,0.20449747145175934,0.23123563826084137,0.18609973788261414,-1.0228946208953857,0.7623181939125061,0.2005341798067093,0.27854445576667786
0.39247626066207886,0.3263176679611206,-0.3171199858188629,0.6358246803283691,0.3220488131046295,0.02030961588025093,0.4540277123451233,0.5962727069854736,-0.1434180736541748,0.5833826661109924,0.5880751013755798,0.14268459379673004,0.38972896337509155,0.7387624979019165,0.11111151427030563,0.5796252489089966,0.7126883864402771,0.6665166020393372,0.33553433418273926,0.8690218329429626,0.4635706841945648,0.5613844990730286,0.8234809041023254,1.1632695198059082,0.1809116005897522,0.3249897062778473,-0.6939191818237305,0.7574232220649719,0.29917535185813904,0.1871291548013687,0.23224285244941711,0.19579024612903595,-0.9886333346366882,0.7609784007072449,0.20478464663028717,0.2404818832874298
0.3921559154987335,0.3262607157230377,-0.28434115648269653,0.6359530091285706,0.3214821517467499,0.012426705099642277,0.45473071932792664,0.596199095249176,-0.13814058899879456,0.5845611095428467,0.5880629420280457,0.13741059601306915,0.38930973410606384,0.7403678297996521,0.10300454497337341,0.580025851726532,0.7178667187690735,0.6305825710296631,0.33509182929992676,0.8692880272865295,0.4392445385456085,0.5613790154457092,0.825810432434082,1.1081565618515015,0.18164613842964172,0.3333331048488617,-0.6551657915115356,0.7600810527801514,0.30385860800743103,0.0868447870016098,0.23285436630249023,0.2031766027212143,-0.9542523622512817,0.761917233467102,0.2092379629611969,0.08865422010421753
0.39075320959091187,0.3258460760116577,-0.2913515567779541,0.6359297633171082,0.31991955637931824,-0.0075098504312336445,0.45602282881736755,0.5929893851280212,-0.13706214725971222,0.585385799407959,0.5858169794082642,0.136367529630661,0.38971614837646484,0.7386783957481384,0.0816936194896698,0.580050528049469,0.7171899676322937,0.6377883553504944,0.3350487947463989,0.8678429126739502,0.36464619636535645,0.5619911551475525,0.8258875608444214,1.111025094985962,0.18384772539138794,0.3403623402118683,-0.6626710295677185,0.7594456672668457,0.3123804032802582,0.009767115116119385,0.23174318671226501,0.21185748279094696,-0.9747378826141357,0.7608293294906616,0.21475031971931458,-0.06381531804800034
0.3900796175003052,0.32507240772247314,-0.3340058922767639,0.6355171203613281,0.3181135058403015,-0.006971254479140043,0.45779678225517273,0.5912616848945618,-0.1404535472393036,0.5871427655220032,0.5841079354286194,0.1396542638540268,0.3897450864315033,0.7383556365966797,0.06927935779094696,0.5799964070320129,0.7167356014251709,0.6821954250335693,0.3349287807941437,0.8678767085075378,0.3570714592933655,0.5619876384735107,0.8261136412620544,1.1436220407485962,0.18495115637779236,0.3475273549556732,-0.7660934925079346,0.7599949240684509,0.3186801075935364,0.1858375072479248,0.2282569855451584,0.21885110437870026,-1.1606329679489136,0.7608169317245483,0.22123762965202332,0.31830134987831116
0.3900008201599121,0.3246024250984192,-0.3468859791755676,0.634759247303009,0.3180713355541229,-0.0017715746071189642,0.45937132835388184,0.5905135869979858,-0.14180661737918854,0.588676393032074,0.5837857723236084,0.140956848859787,0.38990822434425354,0.7370033264160156,0.07116822153329849,0.5799939036369324,0.7166231870651245,0.69948810338974,0.3342605233192444,0.8679050207138062,0.3654329180717468,0.5622995495796204,0.8261743187904358,1.1694611310958862,0.18601223826408386,0.3532119691371918,-0.7738034725189209,0.7593100666999817,0.3207683563232422,0.2431153506040573,0.22737562656402588,0.22322191298007965,-1.136704444885254,0.7635437846183777,0.22592411935329437,0.4107483923435211
0.3901684284210205,0.32330039143562317,-0.3478846549987793,0.634735107421875,0.31807202100753784,0.0036607023794203997,0.460159033536911,0.5884940028190613,-0.14199718832969666,0.5896382927894592,0.5830538868904114,0.14116200804710388,0.39000222086906433,0.7349346280097961,0.06354636698961258,0.5801913142204285,0.7169472575187683,0.7045168876647949,0.333095908164978,0.8679735660552979,0.34273478388786316,0.5626280307769775,0.8268671035766602,1.176051139831543,0.18668442964553833,0.3592611849308014,-0.7722538709640503,0.7565016746520996,0.3283362090587616,0.32024091482162476,0.22745731472969055,0.2300383597612381,-1.1337110996246338,0.7682640552520752,0.23373909294605255,0.5740573406219482
0.39020946621894836,0.322860985994339,-0.3156276047229767,0.634518027305603,0.3182273209095001,-0.006410288158804178,0.4603520929813385,0.5882195830345154,-0.1362878531217575,0.5900740027427673,0.5827902555465698,0.1355048567056656,0.39010676741600037,0.734826385974884,0.06871908158063889,0.5802041888237,0.7170380353927612,0.6736566424369812,0.3327820301055908,0.8681520819664001,0.35102999210357666,0.5627474188804626,0.8274553418159485,1.1481080055236816,0.1873590052127838,0.36280420422554016,-0.6727207899093628,0.7535625696182251,0.3353850245475769,0.2520790696144104,0.22770987451076508,0.23369303345680237,-0.9812068343162537,0.7706644535064697,0.24021367728710175,0.497379332780838
0.3901859521865845,0.32223907113075256,-0.2779947519302368,0.6344815492630005,0.3183631896972656,-0.018549291417002678,0.4603396952152252,0.5878763794898987,-0.12447059154510498,0.5907835364341736,0.5827658176422119,0.1238030344247818,0.390094131231308,0.7347182631492615,0.06403342634439468,0.5803868770599365,0.718002438545227,0.6420632600784302,0.33267226815223694,0.8684149980545044,0.3081660270690918,0.5632327198982239,0.8284600377082825,1.11697256565094,0.1883113980293274,0.3678038716316223,-0.5445029735565186,0.7515443563461304,0.33923566341400146,0.09191226214170456,0.2281748354434967,0.23812179267406464,-0.7576016187667847,0.7729617357254028,0.242632195353508,0.08916297554969788
0.38975754380226135,0.32117539644241333,-0.2899809181690216,0.6344454288482666,0.3186008632183075,-0.033478204160928726,0.46008533239364624,0.587800920009613,-0.12024383246898651,0.5907711982727051,0.5827853083610535,0.11964400857686996,0.39002108573913574,0.7340516448020935,0.0631955936551094,0.5803955793380737,0.7178704142570496,0.6467443108558655,0.3326690196990967,0.8683766722679138,0.3075784742832184,0.5641530752182007,0.8287546634674072,1.1272259950637817,0.1907789707183838,0.37281715869903564,-0.6018067002296448,0.7423667311668396,0.3483419120311737,0.10366325080394745,0.22804386913776398,0.24437467753887177,-0.8651919364929199,0.7786601781845093,0.2508474290370941,0.14599953591823578
0.38955172896385193,0.32009679079055786,-0.2955341339111328,0.6343668699264526,0.3190482556819916,-0.03022226132452488,0.45889154076576233,0.5877622961997986,-0.11998523771762848,0.5900740623474121,0.5828240513801575,0.11939608305692673,0.38989681005477905,0.7337523102760315,0.06295430660247803,0.580438494682312,0.7178272604942322,0.6508310437202454,0.3326660394668579,0.8684146404266357,0.31391197443008423,0.5651165843009949,0.8287544250488281,1.1325500011444092,0.1936713606119156,0.3734986186027527,-0.6346598267555237,0.7370694875717163,0.3527328372001648,0.11582659184932709,0.22836752235889435,0.245595782995224,-0.897325336933136,0.7804762721061707,0.25483933091163635,0.19612745940685272
0.38955435156822205,0.3194950819015503,-0.29943180084228516,0.6327311396598816,0.3199149966239929,-0.020725097507238388,0.45850515365600586,0.5878087282180786,-0.12135490030050278,0.5893229246139526,0.5828837752342224,0.12074705213308334,0.38952934741973877,0.7337225675582886,0.06865525990724564,0.5804383754730225,0.7177927494049072,0.652539849281311,0.3326200842857361,0.8684090971946716,0.32514604926109314,0.5656277537345886,0.8284358978271484,1.1303431987762451,0.19607660174369812,0.3733939230442047,-0.638504147529602,0.7360289692878723,0.3533616065979004,0.23270495235919952,0.22861023247241974,0.24695904552936554,-0.9779057502746582,0.7825142741203308,0.25476574897766113,0.42086294293403625
0.3906203806400299,0.3187218904495239,-0.31504741311073303,0.6317476034164429,0.3199175298213959,-0.010375414043664932,0.4584953486919403,0.5878469347953796,-0.12295196205377579,0.5885563492774963,0.5831003189086914,0.1223212331533432,0.3893478810787201,0.7336817979812622,0.07109859585762024,0.5803965330123901,0.7177437543869019,0.6628230810165405,0.33254867792129517,0.8684187531471252,0.3480064272880554,0.5656183362007141,0.8263809680938721,1.15644109249115,0.1985403597354889,0.37392425537109375,-0.7013131380081177,0.7329728007316589,0.3545999526977539,0.2932056784629822,0.22759582102298737,0.24807259440422058,-1.0719774961471558,0.7824413180351257,0.2552795708179474,0.5118209719657898
0.39138299226760864,0.31822463870048523,-0.35521525144577026,0.6319067478179932,0.3199670612812042,-0.015049952082335949,0.4585743546485901,0.5876299142837524,-0.12518620491027832,0.5885367393493652,0.5830475091934204,0.12454795837402344,0.3891803026199341,0.7333176136016846,0.07112400978803635,0.5803956985473633,0.7173334956169128,0.6654500365257263,0.3323573172092438,0.8684321641921997,0.36880794167518616,0.565596342086792,0.8247163891792297,1.1834245920181274,0.20104776322841644,0.3728371858596802,-0.7773390412330627,0.7321646809577942,0.3544798195362091,0.28729110956192017,0.2277386337518692,0.24596326053142548,-1.1545857191085815,0.7833945155143738,0.2539116442203522,0.5165125131607056
0.3919788599014282,0.3174399733543396,-0.3489254415035248,0.632006049156189,0.3197559416294098,-0.022073794156312943,0.45977598428726196,0.586869478225708,-0.12565945088863373,0.5900681614875793,0.5822300314903259,0.12501803040504456,0.38917943835258484,0.7328352332115173,0.06954028457403183,0.5804734826087952,0.7152310013771057,0.6658214330673218,0.33235040307044983,0.8682727813720703,0.3639538884162903,0.5655986666679382,0.8233671188354492,1.1832348108291626,0.201847642660141,0.37141701579093933,-0.7525215148925781,0.7324644327163696,0.3529799282550812,0.20257005095481873,0.22886133193969727,0.24415645003318787,-1.1108663082122803,0.783707320690155,0.25304195284843445,0.3072395622730255
0.3926624655723572,0.3166957497596741,-0.3274744749069214,0.6326124668121338,0.3186178207397461,-0.02727399580180645,0.4602547287940979,0.5859330892562866,-0.12482860684394836,0.5916679501533508,0.5809915065765381,0.1241985335946083,0.38945627212524414,0.7317096590995789,0.06650492548942566,0.5805606842041016,0.7134643197059631,0.6654046177864075,0.33236756920814514,0.867647111415863,0.33919423818588257,0.5656945109367371,0.8222399353981018,1.1775628328323364,0.20323653519153595,0.37031134963035583,-0.7158311605453491,0.7384600639343262,0.35090887546539307,0.11693521589040756,0.2302529364824295,0.24251340329647064,-1.0859196186065674,0.7841287851333618,0.25136712193489075,0.15339019894599915
0.39307457208633423,0.31672748923301697,-0.2580522298812866,0.6348577737808228,0.3174084424972534,-0.02977113053202629,0.46090811491012573,0.5848405361175537,-0.1168525293469429,0.5936122536659241,0.5799873471260071,0.11622907221317291,0.3900590240955353,0.7305590510368347,0.051359910517930984,0.5807088613510132,0.7125198245048523,0.6319389343261719,0.33245164155960083,0.8671450018882751,0.28422942757606506,0.5656890273094177,0.8207867741584778,1.133191704750061,0.2044227570295334,0.3700358271598816,-0.564651370048523,0.746826708316803,0.3494187295436859,-0.0697651132941246,0.23114508390426636,0.24227233231067657,-0.842997670173645,0.785618782043457,0.2502691149711609,-0.24845615029335022
0.3937419056892395,0.3167543411254883,-0.2714688181877136,0.6360062956809998,0.3162001669406891,-0.028937241062521935,0.4621628224849701,0.5837780237197876,-0.1175706535577774,0.5948297381401062,0.5786864161491394,0.1169540286064148,0.3905918598175049,0.7296902537345886,0.04226692020893097,0.5807983875274658,0.7119051814079285,0.6372659206390381,0.33251699805259705,0.8666595816612244,0.28770381212234497,0.565690815448761,0.8200043439865112,1.1502643823623657,0.2057417333126068,0.36958250403404236,-0.6086647510528564,0.7505478262901306,0.34799328446388245,0.04441509023308754,0.2326456755399704,0.2416713833808899,-0.9121173620223999,0.7869064807891846,0.24956603348255157,0.041835956275463104
0.3942182958126068,0.3166796565055847,-0.2765761911869049,0.6374149322509766,0.31487229466438293,-0.03529121354222298,0.46258267760276794,0.5829212665557861,-0.11764198541641235,0.5954001545906067,0.5778305530548096,0.11701550334692001,0.3908733129501343,0.7284067869186401,0.04399186000227928,0.580802321434021,0.7110128998756409,0.650345504283905,0.332926481962204,0.8658856749534607,0.2934975028038025,0.5655856728553772,0.8192623853683472,1.1768462657928467,0.2064165472984314,0.36919528245925903,-0.6120659708976746,0.753574550151825,0.3461589217185974,0.053926605731248856,0.23538129031658173,0.24126200377941132,-0.9236843585968018,0.787281334400177,0.24930724501609802,0.047601599246263504
0.39502474665641785,0.3165658712387085,-0.2706140875816345,0.6389676332473755,0.3140529692173004,-0.03473213315010071,0.4630236029624939,0.5824242830276489,-0.11778705567121506,0.5956870317459106,0.5773431062698364,0.11715679615736008,0.3909331262111664,0.727893054485321,0.0416785292327404,0.5809600949287415,0.7104972004890442,0.6554180979728699,0.3332972526550293,0.8650432825088501,0.28065958619117737,0.5654230117797852,0.8185977935791016,1.1796417236328125,0.20789089798927307,0.3689802885055542,-0.5836001634597778,0.7561134099960327,0.3450109660625458,0.031713586300611496,0.23642335832118988,0.24094709753990173,-0.8794836401939392,0.7871778607368469,0.2491927593946457,-0.019697582349181175
0.3950963318347931,0.3164268732070923,-0.2544625401496887,0.6397307515144348,0.3135908544063568,-0.0362899973988533,0.4632394015789032,0.581771731376648,-0.11547504365444183,0.5957241058349609,0.5766093730926514,0.11483746767044067,0.39107605814933777,0.7272861003875732,0.03750084340572357,0.5809687376022339,0.7100917100906372,0.6533452868461609,0.33339229226112366,0.8645820617675781,0.25451576709747314,0.5652022361755371,0.8181765675544739,1.1612216234207153,0.20844772458076477,0.36899611353874207,-0.5286478996276855,0.7567912936210632,0.34492355585098267,-0.058876652270555496,0.23701108992099762,0.24092678725719452,-0.7869802117347717,0.7873106598854065,0.2488918900489807,-0.22730308771133423
0.39501118659973145,0.3162050247192383,-0.2538367211818695,0.6399822235107422,0.3133987784385681,-0.04074687138199806,0.46332162618637085,0.5808805227279663,-0.1137089729309082,0.5957104563713074,0.575160026550293,0.11307768523693085,0.3913416564464569,0.7262290120124817,0.03569885343313217,0.5809664726257324,0.7086502313613892,0.6469840407371521,0.33343860507011414,0.8635778427124023,0.2497415393590927,0.5650452375411987,0.8173888921737671,1.1434297561645508,0.20840932428836823,0.3692719340324402,-0.5042313933372498,0.7565833330154419,0.34465491771698,-0.1168990358710289,0.23707886040210724,0.2413042187690735,-0.7372184991836548,0.7878485321998596,0.24866238236427307,-0.3535067141056061
